Username,Bio,PostCount,AvatarDefault,AvatarURL,JoinedDate,Followers,Following,HeuristicScore,HeuristicReasons,AIScore,AIJustification
1gceaser,,0,False,,,0,0,2,No bio; No posts,,
_07539bcc4c62f7fb654f,,0,False,,,0,0,3,No bio; No posts; Suspicious username,,
__38872adbefc,,0,False,,,0,0,3,No bio; No posts; Suspicious username,,
_dip,,0,False,,,0,0,2,No bio; No posts,,
_eb9bd59fc267acb3d322e,,0,False,,,0,0,3,No bio; No posts; Suspicious username,,
_osamaesam00,,0,False,,,0,0,2,No bio; No posts,,
aadish_n,,0,False,,,0,0,2,No bio; No posts,,
abdannassermbarki,,0,False,,,0,0,2,No bio; No posts,,
abdisamed_abdi_6c6cfabe1f,,0,False,,,0,0,3,No bio; No posts; Suspicious username,,
abhijeet_mukherjee_fd304d,,0,False,,,0,0,3,No bio; No posts; Suspicious username,,
abolfazl_masoumi_1e61b883,,0,False,,,0,0,3,No bio; No posts; Suspicious username,,
adham_abozeid_8882eb1fb7a,,0,False,,,0,0,3,No bio; No posts; Suspicious username,,
ahmed_some_6d9e0be8c49eea,,0,False,,,0,0,3,No bio; No posts; Suspicious username,,
aiworkshield,,1,False,,,0,0,1,No bio,,
aksh_modi_687d3e47a47d387,,0,False,,,0,0,3,No bio; No posts; Suspicious username,,
aktarul_gazi_6a98136573c1,,0,False,,,0,0,3,No bio; No posts; Suspicious username,,
alamas0o,,0,False,,,0,0,2,No bio; No posts,,
alex_pop_7ac88a8ccff2a942,,0,False,,,0,0,3,No bio; No posts; Suspicious username,,
alex_va,,0,False,,,0,0,2,No bio; No posts,,
alexander_kapelas_2a33e91,,0,False,,,0,0,3,No bio; No posts; Suspicious username,,
alexandru_giurgiu_5600408,,0,False,,,0,0,3,No bio; No posts; Suspicious username,,
alfred_spielweis_98dc28d9,,0,False,,,0,0,3,No bio; No posts; Suspicious username,,
alibodama,,0,False,,,0,0,2,No bio; No posts,,
amanuel_abel_450661b50dcb,,0,False,,,0,0,3,No bio; No posts; Suspicious username,,
ambuj_yadav_a81632d4d1d3b,,0,False,,,0,0,3,No bio; No posts; Suspicious username,,
ameyak2310pfizer,,0,False,,,0,0,2,No bio; No posts,,
amine_maalej_a7c862367290,,0,False,,,0,0,3,No bio; No posts; Suspicious username,,
aminu,,0,False,,,0,0,2,No bio; No posts,,
amir_houshanggerami_182c,,0,False,,,0,0,2,No bio; No posts,,
anh_minhnguyn_0a1b9c97e,,0,False,,,0,0,3,No bio; No posts; Suspicious username,,
anouar_bourich_9218157558,,0,False,,,0,0,3,No bio; No posts; Suspicious username,,
anubhav_agarwal_629b08622,,0,False,,,0,0,3,No bio; No posts; Suspicious username,,
anupamrawal,,0,False,,,0,0,2,No bio; No posts,,
anushka_patel_da51abe50e6,,0,False,,,0,0,3,No bio; No posts; Suspicious username,,
anwar_amran_18b4fd048c104,,0,False,,,0,0,3,No bio; No posts; Suspicious username,,
arash_54o_9d36421eb41d1f0,,0,False,,,0,0,3,No bio; No posts; Suspicious username,,
arshan323,,0,False,,,0,0,2,No bio; No posts,,
astra_waterson_69,,0,False,,,0,0,2,No bio; No posts,,
asx,,39,False,,,0,0,1,No bio,,
athashri_keny,,0,False,,,0,0,2,No bio; No posts,,
atmos_fear_c84cff119a084e,,1,False,,,0,0,2,No bio; Suspicious username,,
atreyuro,,0,False,,,0,0,2,No bio; No posts,,
aung_myintthein_92dc0ed4,,0,False,,,0,0,3,No bio; No posts; Suspicious username,,
bah123,,1,False,,,0,0,1,No bio,,
bampok_69bampok_ngamok,,0,False,,,0,0,2,No bio; No posts,,
baobuifb03,,1,False,,,0,0,1,No bio,,
bassg0navy,,1,False,,,0,0,1,No bio,,
belhadjmariem,,0,False,,,0,0,2,No bio; No posts,,
billymfh,,0,False,,,0,0,2,No bio; No posts,,
boomboom64,,0,False,,,0,0,2,No bio; No posts,,
broder,,1,False,,,0,0,1,No bio,,
bugee_apps_b1b7c8bdd0d2d5,,0,False,,,0,0,3,No bio; No posts; Suspicious username,,
caleb_universe_502c021832,,0,False,,,0,0,3,No bio; No posts; Suspicious username,,
camille_coutinho,,0,False,,,0,0,2,No bio; No posts,,
chic_pak_e381d7a667e187f0,,0,False,,,0,0,3,No bio; No posts; Suspicious username,,
christian_gonzalez_771dbf,,0,False,,,0,0,3,No bio; No posts; Suspicious username,,
christian_schenk_1861f09a,,0,False,,,0,0,3,No bio; No posts; Suspicious username,,
christopher_zhang_34fdde8,,0,False,,,0,0,3,No bio; No posts; Suspicious username,,
codewithmpia,,0,False,,,0,0,2,No bio; No posts,,
cristopherje,,0,False,,,0,0,2,No bio; No posts,,
cuong0905,,0,False,,,0,0,3,No bio; No posts; Suspicious username,,
danny_sanmartin_042276e7d,,0,False,,,0,0,3,No bio; No posts; Suspicious username,,
delhimazza,,0,False,,,0,0,2,No bio; No posts,,
demir_sabanci_f0811a9fff8,,0,False,,,0,0,3,No bio; No posts; Suspicious username,,
designsavchenko,,0,False,,,0,0,2,No bio; No posts,,
developergoody,,0,False,,,0,0,2,No bio; No posts,,
devgibson85,,0,False,,,0,0,2,No bio; No posts,,
dhinakaran_t_d31192153534,,0,False,,,0,0,3,No bio; No posts; Suspicious username,,
drdrane,,0,False,,,0,0,2,No bio; No posts,,
dronplane,,0,False,,,0,0,2,No bio; No posts,,
dubeyji_tutorials_4a69feb,,0,False,,,0,0,3,No bio; No posts; Suspicious username,,
ecforcourttexas,,0,False,,,0,0,2,No bio; No posts,,
eduardo_rossizambon_7f6f,,0,False,,,0,0,2,No bio; No posts,,
elisaportefaix,,0,False,,,0,0,2,No bio; No posts,,
elysionmind,,0,False,,,0,0,2,No bio; No posts,,
emilie_weinz_e1f7a643e1e4,,0,False,,,0,0,3,No bio; No posts; Suspicious username,,
energy_brutal,,0,False,,,0,0,2,No bio; No posts,,
engkelvin_mwaki_be8030ec,,0,False,,,0,0,3,No bio; No posts; Suspicious username,,
eringz,,0,False,,,0,0,2,No bio; No posts,,
fadhila_salah_84090bda3f4,,0,False,,,0,0,3,No bio; No posts; Suspicious username,,
fenix2911,,0,False,,,0,0,3,No bio; No posts; Suspicious username,,
fhfgvzgz5sdel,,0,False,,,0,0,2,No bio; No posts,,
figoaljufrie,,0,False,,,0,0,2,No bio; No posts,,
firox,,0,False,,,0,0,2,No bio; No posts,,
fonpayid,,0,False,,,0,0,2,No bio; No posts,,
francisca_077bab8739a03f6,,0,False,,,0,0,3,No bio; No posts; Suspicious username,,
gabriel_torres_870f0cefac,,0,False,,,0,0,3,No bio; No posts; Suspicious username,,
gamechanger1s,,1,False,,,0,0,1,No bio,,
ganesh250684,,1,False,,,0,0,2,No bio; Suspicious username,,
gdeest,,0,False,,,0,0,2,No bio; No posts,,
gordine_rhenag,,0,False,,,0,0,2,No bio; No posts,,
gustavo_6bd580b5f1294b944,,0,False,,,0,0,3,No bio; No posts; Suspicious username,,
gustavopratesc,,0,False,,,0,0,2,No bio; No posts,,
habebaabdelgayed_896c5fe,,0,False,,,0,0,3,No bio; No posts; Suspicious username,,
hamid_sadeghian,,0,False,,,0,0,2,No bio; No posts,,
hasanali_sabah_3b35992d8b,,0,False,,,0,0,3,No bio; No posts; Suspicious username,,
hdbetvnorg,,0,False,,,0,0,2,No bio; No posts,,
heiwana,,0,False,,,0,0,2,No bio; No posts,,
helenaroughton,,0,False,,,0,0,2,No bio; No posts,,
henry_spur_8684993ca76e59,,0,False,,,0,0,3,No bio; No posts; Suspicious username,,
hhhg_gggh_a748ac2938c6dba,,0,False,,,0,0,3,No bio; No posts; Suspicious username,,
holmes56,,0,False,,,0,0,2,No bio; No posts,,
hu_hcng_6a739e46675a8,,0,False,,,0,0,3,No bio; No posts; Suspicious username,,
humaira_feli_11132b1adbff,,0,False,,,0,0,3,No bio; No posts; Suspicious username,,
humna_ramzan_2ad3c64713b3,,1,False,,,0,0,2,No bio; Suspicious username,,
icyzfidelis,,0,False,,,0,0,2,No bio; No posts,,
igor_luchia_cd739eefa238,,0,False,,,0,0,3,No bio; No posts; Suspicious username,,
im-junaid,,0,False,,,0,0,2,No bio; No posts,,
imaichiyyy,,0,False,,,0,0,2,No bio; No posts,,
its-me,,0,False,,,0,0,2,No bio; No posts,,
ivantheslowcoder,,0,False,,,0,0,2,No bio; No posts,,
jackstar1986,,1,False,,,0,0,2,No bio; Suspicious username,,
jake_chen_db6ecfb48f0a3d1,,0,False,,,0,0,3,No bio; No posts; Suspicious username,,
james_hapurona_84425b86cb,,0,False,,,0,0,3,No bio; No posts; Suspicious username,,
jarle_hjortland_2aaf69287,,0,False,,,0,0,3,No bio; No posts; Suspicious username,,
javad_khanloo_19cc626de4c,,0,False,,,0,0,3,No bio; No posts; Suspicious username,,
jey_matigomez_2c4f348f11,,0,False,,,0,0,3,No bio; No posts; Suspicious username,,
johnmaveric,,1,False,,,0,0,1,No bio,,
johnson_smith_claw,,0,False,,,0,0,2,No bio; No posts,,
julie_govaert_13c53a42343,,0,False,,,0,0,3,No bio; No posts; Suspicious username,,
just_404_fun,,0,False,,,0,0,2,No bio; No posts,,
karanja-max,,1,False,,,0,0,1,No bio,,
kasparsj,,0,False,,,0,0,2,No bio; No posts,,
kazem_tabatabaee_136,,0,False,,,0,0,2,No bio; No posts,,
kemtch19,,0,False,,,0,0,2,No bio; No posts,,
kevin_da44730a86aac383ab3,,0,False,,,0,0,3,No bio; No posts; Suspicious username,,
kevins90,,0,False,,,0,0,2,No bio; No posts,,
kevivs,,0,False,,,0,0,2,No bio; No posts,,
kgodiso_lebese_88,,0,False,,,0,0,2,No bio; No posts,,
khalil_xmodz_deddad897104,,0,False,,,0,0,3,No bio; No posts; Suspicious username,,
kiiweb_digitalsolutions,,0,False,,,0,0,2,No bio; No posts,,
kijo,,0,False,,,0,0,2,No bio; No posts,,
kislay_kashyap_06b969675d,,0,False,,,0,0,3,No bio; No posts; Suspicious username,,
klumz33,,0,False,,,0,0,2,No bio; No posts,,
kubetsupport,,0,False,,,0,0,2,No bio; No posts,,
kwanele_5926c298436c927dc,,0,False,,,0,0,3,No bio; No posts; Suspicious username,,
lawn_meower,,0,False,,,0,0,2,No bio; No posts,,
lepara,,0,False,,,0,0,2,No bio; No posts,,
liam_vu,,0,False,,,0,0,2,No bio; No posts,,
louis_lau_c36fafe1ab1a8b3,,0,False,,,0,0,3,No bio; No posts; Suspicious username,,
lovekgarg,,2,False,,,0,0,1,No bio,,
luc30509,,0,False,,,0,0,3,No bio; No posts; Suspicious username,,
luis_martin_casfid,,0,False,,,0,0,2,No bio; No posts,,
lumm20,,0,False,,,0,0,2,No bio; No posts,,
lunade,,0,False,,,0,0,2,No bio; No posts,,
malcolm_kgogobi_a27858647,,0,False,,,0,0,3,No bio; No posts; Suspicious username,,
marco_bianchi,,0,False,,,0,0,2,No bio; No posts,,
marek_9c9508fd0aed5a56219,,0,False,,,0,0,3,No bio; No posts; Suspicious username,,
markos_symeonides_0a78633,,0,False,,,0,0,3,No bio; No posts; Suspicious username,,
martinanderso,,1,False,,,0,0,1,No bio,,
matthew_ray,,0,False,,,0,0,2,No bio; No posts,,
mavericklally,,0,False,,,0,0,2,No bio; No posts,,
maxwellcross,,1,False,,,0,0,1,No bio,,
mbarzanti,,0,False,,,0,0,2,No bio; No posts,,
md_salauddin_3a5ad9b2795,,0,False,,,0,0,3,No bio; No posts; Suspicious username,,
med_benaissa_918c7563789e,,0,False,,,0,0,3,No bio; No posts; Suspicious username,,
mehdi_ghadimi_d9d518e873f,,0,False,,,0,0,3,No bio; No posts; Suspicious username,,
mehedi_hasan_4265,,0,False,,,0,0,3,No bio; No posts; Suspicious username,,
member_e303a201,,0,False,,,0,0,3,No bio; No posts; Suspicious username,,
microbion,,0,False,,,0,0,2,No bio; No posts,,
mikekilo2,,0,False,,,0,0,2,No bio; No posts,,
mirianlaw,,1,False,,,0,0,1,No bio,,
mohamed_abdelmaboud_f0bd0,,0,False,,,0,0,2,No bio; No posts,,
mohammed_qady_53623006350,,0,False,,,0,0,3,No bio; No posts; Suspicious username,,
mohapi_mofokeng_7ba144c7a,,0,False,,,0,0,3,No bio; No posts; Suspicious username,,
moula_shaik,,0,False,,,0,0,2,No bio; No posts,,
mr_hoversee,,0,False,,,0,0,2,No bio; No posts,,
mrdebonis,,0,False,,,0,0,2,No bio; No posts,,
mt_b2d96c7da63ba7b5f835,,0,False,,,0,0,3,No bio; No posts; Suspicious username,,
muhammadrayees,,0,False,,,0,0,2,No bio; No posts,,
n_l_0311333ed61607b4efb,,0,False,,,0,0,3,No bio; No posts; Suspicious username,,
naderalyeltabey,,0,False,,,0,0,2,No bio; No posts,,
nadim_sharyare_fde151f915,,0,False,,,0,0,3,No bio; No posts; Suspicious username,,
nandani_bansal_b32518f271,,0,False,,,0,0,3,No bio; No posts; Suspicious username,,
naren_chid07,,0,False,,,0,0,2,No bio; No posts,,
narfdaddy,,0,False,,,0,0,2,No bio; No posts,,
narnaiezzsshaa,,25,False,,,0,0,1,No bio,,
nex_pay_8fd56d2beed632d76,,0,False,,,0,0,3,No bio; No posts; Suspicious username,,
nhacaimm88space,,0,False,,,0,0,2,No bio; No posts,,
niccol_amery_09d1480db84,,0,False,,,0,0,3,No bio; No posts; Suspicious username,,
nick_porter_0cfcbc03e871f,,3,False,,,0,0,2,No bio; Suspicious username,,
nicole_sheppard_d85d56468,,0,False,,,0,0,3,No bio; No posts; Suspicious username,,
nikoooooo,,0,False,,,0,0,2,No bio; No posts,,
nischit,,0,False,,,0,0,2,No bio; No posts,,
notadevbuthere,,9,False,,,0,0,1,No bio,,
nova_123,,0,False,,,0,0,2,No bio; No posts,,
nyaomaru,,10,False,,,0,0,1,No bio,,
nyinyimyo,,0,False,,,0,0,2,No bio; No posts,,
olivia_taylor_d60f2b926cc,,1,False,,,0,0,2,No bio; Suspicious username,,
oluwaseun_emmanuelkehind,,0,False,,,0,0,2,No bio; No posts,,
oneeyedwarrior,,0,False,,,0,0,2,No bio; No posts,,
onlinecourseforcourttexas,,0,False,,,0,0,2,No bio; No posts,,
oratile123,,0,False,,,0,0,2,No bio; No posts,,
pascal_cescato_692b7a8a20,,17,False,,,0,0,2,No bio; Suspicious username,,
pasio,,0,False,,,0,0,2,No bio; No posts,,
pavpav,,1,False,,,0,0,1,No bio,,
pdeitrich,,0,False,,,0,0,2,No bio; No posts,,
people_half_187e1d3583fc0,,0,False,,,0,0,3,No bio; No posts; Suspicious username,,
pep_81f073d4cb5c509b1322d,,0,False,,,0,0,3,No bio; No posts; Suspicious username,,
peter_dekyssky_f104a40cb1,,0,False,,,0,0,3,No bio; No posts; Suspicious username,,
pmela_paes_b38275ac66a12,,0,False,,,0,0,3,No bio; No posts; Suspicious username,,
poojitha_katta,,0,False,,,0,0,2,No bio; No posts,,
priyanshu_burman_43aa97ed,,0,False,,,0,0,3,No bio; No posts; Suspicious username,,
pushkar_khare_ec7d821b4d7,,1,False,,,0,0,2,No bio; Suspicious username,,
pvche_piboagus_b4b6604,,0,False,,,0,0,3,No bio; No posts; Suspicious username,,
rahul_parmar_1661cd1b93c2,,0,False,,,0,0,3,No bio; No posts; Suspicious username,,
ram_h,,0,False,,,0,0,2,No bio; No posts,,
ravi_mohanty_ebf98625ed06,,0,False,,,0,0,3,No bio; No posts; Suspicious username,,
renan_lsds,,0,False,,,0,0,2,No bio; No posts,,
reviewtincaynet,,0,False,,,0,0,2,No bio; No posts,,
reviewtotnhatnet,,0,False,,,0,0,2,No bio; No posts,,
rewo,,0,False,,,0,0,2,No bio; No posts,,
riyadh1204,,0,False,,,0,0,3,No bio; No posts; Suspicious username,,
rolandfabrice,,0,False,,,0,0,2,No bio; No posts,,
ronny_hair_cf019f1ece0c68,,0,False,,,0,0,3,No bio; No posts; Suspicious username,,
rotoruapainter,,2,False,,,0,0,1,No bio,,
routepicks,,0,False,,,0,0,2,No bio; No posts,,
rumesh_chathuranga_1bdf95,,0,False,,,0,0,3,No bio; No posts; Suspicious username,,
rushang_vines_30c4e531c93,,1,False,,,0,0,2,No bio; Suspicious username,,
rvijay,,0,False,,,0,0,2,No bio; No posts,,
sajid_mehdi_1e83af2915195,,0,False,,,0,0,3,No bio; No posts; Suspicious username,,
samiran634,,0,False,,,0,0,2,No bio; No posts,,
selvaganesh_js,,0,False,,,0,0,2,No bio; No posts,,
sepehr_moarefy,,1,False,,,0,0,1,No bio,,
setzoka,,0,False,,,0,0,2,No bio; No posts,,
sg_anime_85f4d9f3246c5cb0,,0,False,,,0,0,3,No bio; No posts; Suspicious username,,
shikha_singh_6b3da33eea06,,1,False,,,0,0,2,No bio; Suspicious username,,
shivansh_tiwari_384d20c25,,0,False,,,0,0,3,No bio; No posts; Suspicious username,,
silenceplanet,,0,False,,,0,0,2,No bio; No posts,,
sillysleeper,,0,False,,,0,0,2,No bio; No posts,,
soap89,,0,False,,,0,0,2,No bio; No posts,,
stacy_gr_c9c3113e9c600e2c,,1,False,,,0,0,2,No bio; Suspicious username,,
stepandrogin,,0,False,,,0,0,2,No bio; No posts,,
stephanebunel,,0,False,,,0,0,2,No bio; No posts,,
sudojayn,,0,False,,,0,0,2,No bio; No posts,,
suvoroy,,0,False,,,0,0,2,No bio; No posts,,
syed-waleed-ahmed,,0,False,,,0,0,2,No bio; No posts,,
szeleitamas,,0,False,,,0,0,2,No bio; No posts,,
tareck_issa_3c159ce68b980,,0,False,,,0,0,3,No bio; No posts; Suspicious username,,
taylan_tutar_a9210a8e16ea,,0,False,,,0,0,3,No bio; No posts; Suspicious username,,
techy-angela,,0,False,,,0,0,2,No bio; No posts,,
the_duchess_of_hackers,,6,False,,,0,0,1,No bio,,
thetechuser,,0,False,,,0,0,2,No bio; No posts,,
timesofgames,,0,False,,,0,0,2,No bio; No posts,,
tismodev,,2,False,,,0,0,1,No bio,,
toxy4ny,,17,False,,,0,0,1,No bio,,
tpackagin,,0,False,,,0,0,2,No bio; No posts,,
trucnguyen777,,0,False,,,0,0,2,No bio; No posts,,
truecristi,,0,False,,,0,0,2,No bio; No posts,,
trustswallet,,0,False,,,0,0,2,No bio; No posts,,
tshepang_kalane_d9826009f,,0,False,,,0,0,3,No bio; No posts; Suspicious username,,
uche_igwe_a7bffa3577bd70c,,0,False,,,0,0,3,No bio; No posts; Suspicious username,,
ugursti,,0,False,,,0,0,2,No bio; No posts,,
unabrujainquieta,,0,False,,,0,0,2,No bio; No posts,,
usenmfon_ekpo_d66ef7c5888,,0,False,,,0,0,3,No bio; No posts; Suspicious username,,
victor_scarani_696c08d11b,,0,False,,,0,0,3,No bio; No posts; Suspicious username,,
victor_silva_098f6e3a54a0,,0,False,,,0,0,3,No bio; No posts; Suspicious username,,
volodymyr_iziumov_5b58407,,0,False,,,0,0,3,No bio; No posts; Suspicious username,,
wagner_junio_e0a958f4bbbd,,0,False,,,0,0,3,No bio; No posts; Suspicious username,,
yahye_erdogan_74b024f6c57,,0,False,,,0,0,3,No bio; No posts; Suspicious username,,
yongyang,,0,False,,,0,0,2,No bio; No posts,,
zmobley,,0,False,,,0,0,2,No bio; No posts,,
